Age,Systolic_BP,Diastolic_BP,Cholesterol,Diagnosis
64,143.8927,93.99355,219.459,Normal
58,158.6412,89.24634,,Normal
66,109.0215,80.5963,179.545,Normal
75,138.4445,73.53063,199.9156,Normal
57,120.2404,86.98223,195.7454,Diabetes
57,122.6931,83.93485,188.6693,Diabetes
75,121.1141,88.95193,217.4097,Normal
67,117.0401,86.35172,223.8826,Diabetes
55,130.7278,90.49553,202.2102,Hypertension
65,117.5357,74.64765,236.9383,Normal
